,한줄평,기업성장여부
0,"1. 내부구성원들을 위하는 기업문화가 형성되어있고, 실제로 운영측면에서도 배려마인드를 기반으로 운영중인 액션이 많이 있음.(피플팀, 우수타, 복리후생, 다양한 이벤트등등...)
2. 회사가 빠르게 성장하다보니 그 안에서 업무영역이 커져서 개인성장이 가능함.
3. '스타트업이 성장하면서 이런 과정을 겪는구나'를 눈으로 직접 확인할 수 있음.
4. 투자를 많이 받고 있고, 영업이익이 나고 있기 때문에 안정적으로 회사가 운영되고 있음.",성장
1,"그 누구의 눈치도 보지 않으며, 자유로운 의사소통에 내부 분위기, 팀별로 케바케 이지만 복지와 급여의 만족감을 갖고 충분히 워라벨생활을 즐길 수 있음",성장
2,"도서구입비 무제한 지원, 주 35시간 근무, 월요일은 오후1시 출근,",성장
3,"자율적인 분위기와 좋은 복지를 많이 갖춘 곳. 좋은 사람들이 많이 모여있고 그 안에서 기분좋게 웃으면서 일할 수 있는 곳이다. 4.5일제, 1시출근 도서비 등 일에 더더욱 집중할 수 있게 만들어준 환경이 좋았다.",성장
4,"1. 내부구성원들을 위하는 기업문화가 형성되어있고, 실제로 운영측면에서도 배려마인드를 기반으로 운영중인 액션이 많이 있음.(피플팀, 우수타, 복리후생, 다양한 이벤트등등...)
2. 회사가 빠르게 성장하다보니 그 안에서 업무영역이 커져서 개인성장이 가능함.
3. '스타트업이 성장하면서 이런 과정을 겪는구나'를 눈으로 직접 확인할 수 있음.
4. 투자를 많이 받고 있고, 영업이익이 나고 있기 때문에 안정적으로 회사가 운영되고 있음.",성장
5,"도서구입비 무제한
연차 눈치 없음
야근 없음
근무시간 대비 연봉 국내 탑
의미없는 회의 없음
뛰어난 동료들",성장
6,"사람들이 젊고 유능함
보고를 위한 보고 따위 없음. 효율적인 회의 문화
성과를 내기 위한 직원들 간의 자율적이고 끊임없는 소통
프로세스를 만들어나가는 즐거움
복지 좋음
끗",성장
7,"도서구입비 무제한 지원, 주 35시간 근무, 월요일은 오후1시 출근,",성장
8,"그 누구의 눈치도 보지 않으며, 자유로운 의사소통에 내부 분위기, 팀별로 케바케 이지만 복지와 급여의 만족감을 갖고 충분히 워라벨생활을 즐길 수 있음",성장
9,"자유로움, 임원직 제외하고는 정말 수평적 구조인 것 같음.
야근수당 잘 챙겨줌
복지 좋은 편 (놀 때는 확실히 놀고, 일할 때는 확실히 일하는 분위기)
구성원이 좋음
네임벨류",성장
10,자기 시간 많음 팀보단 자기 일만 잘하면 됨 결국 사람이 일하는곳,성장
11,"연차 자유롭게 사용할 수 있음
주 35시간 근무
회사 공간이 자유롭기 때문에 코웍에서도 자유롭게 일할 수 있고, 집중할 수 있는 곳으로 이동해서 일할 수 있음
좋은 동료 (부서마다 다르지만)
많은 일을 하기 때문에 단기간에 배우는 것이 많음",성장
12,"속해있던 부서(경영 전략 쪽) 기준으로 훌륭한 분들 아래에서 많이 배울 수 있었습니다.
본인 역랑 및 본인이 쏟는 인풋에 따라서 직급보다 더 많은 일을 할 기회도 주어집니다.
빡세게 달리고자 한다면 좋은 곳입니다.",성장
13,"인하우스에서 에이전시의 장점을 느낄 수 있다. 디자이너의 성장을 신경쓰고, 배우고 성장하는 것을 독려하는 분위기. 팀원끼리 서로 돕고, 좋은 정보를 공유하며 함께 성장할 수 있는 곳",성장
14,"안정적이며, 워라벨이 굉장히 잘 시행되어지고 있다. 직원분들이 대부분 친절하심",성장
15,서로 각자 할 일 하고 가는 것으로 퇴근 눈치없었음. 근무하면서 복지가 좋았음. 전체적으로 자유로운 분위기로 눈치보며 군대식 업무 할 필요없음.,성장
16,배민커넥트 같은 경우 자유롭게 일 할 수 있고 하고싶을 때 하고 싶은만큼만 일 할 수 있음.,성장
17,"입사개월수에 따라 배민이용권 줌
상하관계가 없음
상담사에게 무조건 적인 서비스를 요구하지는 않음",성장
18,복지는 진짜 좋고 모두가 눈치보지않고 누리도록 노력하는 편이다 오후 한시 출근 진짜 대박임,성장
19,"하고싶다면 본인이 모두 할수있는 기회가 곳처에 있음
신사업에도 많은 투자를 하고 있기에 늘 새로운곳에 도전을 할수 있음",성장
20,연차를 눈치 안보고 쓸수 있음. 퇴근이 자유로움. 젊은 구성원들로 인한 젊은 에너지 발산.,성장
21,복지나 환경 등은 최상입니답 복장도 자유롭고 크게 터치받지않습니자,성장
22,연차 사용이 쉽다 / 별 눈치 안봄 / 도서 편히 구입 / 커리어에 도움 굳굳,성장
23,"윗사람 눈치 안보고 휴가 쓸 수 있고, 일을 자율적으로 할 수 있습니다.",성장
24,"도서구입비, 연장근무수당지급, 대표님과 허물없이 소통할 수 있는 우아한수다타임",성장
25,투잡가능. 그 외에 1도 없음. 글자수를 채우라는 요구조차 고통이다.,성장
26,"내게 딱 맞고 실제로 도움이 되는 복지들이 많고, 꼰대 리더들이 없음. 높은 수준의 연봉 시스템.",성장
27,일단 업종 자체가 진입장벽이 높지않음에도 업계 부동의 1위를 유지할 수밖에 없는 구조입니다. 경쟁사가 아무리 발버둥을 쳐도 위기때마다 따라잡히지않을 정도의 경영적 판단이 이루어지고 있습니다. 또한 복지가 종류도 많고 직원을 세세하게 챙겨준다는 느낌이 많이 있습니다. 예를들면 주택자금이자지원이나 산후조리비용 300만원지원같이 모든 사람이 누리지는 못하지만 언젠간 저 때가 되면 나가는 돈이 많아 힘들수있는데 든든하겠구나 하는 생각을 하게됩니다.,성장
28,도서 구입하는데 무제한 지원할 수 있는 점과 월요일에는 오후에 출근한다는 점이 장점인 것같습니다. 주 35시간 근무인데 이만큼 일하는 곳이 얼마 없을 것 같네요.,성장
29,"의욕을 가지고 일하면 성장의 기회가 충분히 보장된다고 생각한다.
함께성장할 수 있다는 믿음이 있다.",성장
30,"업무 공간 인테리어가 예쁘고, 스타트업스러움. 디자인에 신경을 많이 썼음.",성장
31,"출퇴근에 자유로운편, 쉴때는 쉬고 일할땐 일하는 분위기 쉽게 말해 꼰대가 없는 젊은 기업임
일에 대한 열정만 있다면 계속 다녔을듯",성장
32,"눈치보지 않고 휴가, 퇴근이 가능하고, 주 35시간 근무 및 가족생일 조기퇴근 가능. 직급아닌 'OO님' 호칭도입하여 수평적이고 편한 분위기 속에서 근무할수 있음.",성장
33,"월요일 13시출근, 높지않은 실적압박, 사내분위기 등이 만족",성장
34,"연차를 자유롭게 쓸 수 있고 근무환경 깔끔함, 상담 유형은 대개 비슷비슷해서 하다 보면 크게 어려움은 없음",성장
35,"출퇴근에 자유로운편, 쉴때는 쉬고 일할땐 일하는 분위기 쉽게 말해 꼰대가 없는 젊은 기업임
일에 대한 열정만 있다면 계속 다녔을듯",성장
36,가족과 함께하는 것을 중요하게 생각하는 문화와 복지 제도가 있어서 좋음. 근데 눈치 보게 됨.,성장
37,연차 눈치안보고 쓸 수 있음. 분위기 자유로운 편. 여전히 성장하고 있는 분위기. 신사업에 대한 다양한 지원.,성장
38,사내복지 빵빵하고 좋음 사람들이 좋은 수평적 분위기 너무좋음,성장
39,"수평적 구조를 위해 노력을 많이하고, 분위기가 좋다. 다양한 행사를 통해 사내 구성원들 끼리 친목을 다지려는 노력이 좋고 서로서로 인사하는 분위기가 좋다.",성장
40,프리랜서로 정해진 시간만 지키면 되고 사전에 미리 이야기하면 일정 조율이나 추가 근무가 가능함,성장
41,"수평적인 문화, 휴가를 자율적으로 사용이 가능하며 상사 눈치를 보지 않아도 됨. CEO가 소통을 위해 주기적으로 임직원의 목소리를 들으려고 노력함",성장
42,"복지가 너무 좋음. 도서구입비 지원, 시간제 연차제도, 생리휴가, 월요일1시출근,사내마사지 등등
회사 시설도 좋아서 편하게 업무를 보고 쉴 수 있는 환경임.",성장
43,연차 마음껏 사용 가능. 도서구입비 무제한(만화책 잡지 제외). 4.5일제. 포괄임금제 폐지해서 야근수당 쏠쏠함.,성장
44,"자유로운 연차사용, 포괄임금제 폐지, 다양한 복지(출산지원금, 전세대출지원금, 도서구입비, 주 35시간 근무 등)",성장
45,눈치안보고 휴가쓸수있다!! 월요일 오후출근이 제일 좋다 ㅎ,성장
46,"자유로움이 가장 큰 장점
복장, 연차 등 자유로움
시간별로 쪼개서 연차를 쓸수있어 볼일 보기 용이함",성장
47,"연차 눈치 안보고 쓸 수 있음, 하고 싶은 일이 있으면 추진할 수 있음",성장
48,배달의민족 이라는 브랜드 하나만 보장됨... 마치 보험사 영업직에서 나도 @@다닌다 라는 것처럼,성장
49,수평적이고 자유로운 사무실 분위기가 가장 큰 장점이라고 할 수 있다. 선임들와의 관계도 수평적인편,성장
50,"꿀같은 월요일 출근, 나름 괜찮은 사내 복지.
개발자직에서는 나름 괜찮은 회사",성장
51,"연봉을 많이 줌, 맥북을 지원해 줌, 기업 문화가 잘 정립되어 있음, 잠실에 위치해 있음",성장
52,업무성취도가 높은편인것 같습니다 여러 기옵들 경험해봤으나 만족도상,성장
53,복지가 아주 좋음. 퇴근하거나 휴가쓸때 눈치 안볼 수 있다. 유연하게 일할 수 있도록하는 분위기,성장
54,"연차사용자유, 칼퇴가능, 다양한 사내 이벤트로 재밌는 회사생활, 다양한복지, 휴게실, 점심시간이 길어서좋음",성장
55,"복지로는 업계 최고수준, 앞으로 몇년간 성장가능성 많음",성장
56,"여기에서 일했다고 하면 어디서든 오 하는 분위기
결과물 컨펌이 현대 흐름에 맞는다는 것",성장
57,"연차를 눈치안보고 쓸수 있고, 본인 의지에 따라 기회와 책임이 생기는 곳",성장
58,"직원의 복지가 잘 되어 있으며, 피플팀을 운영하면서 직원들의 복지에 더욱 신경을 쓰고 있다.",성장
59,다양한 것을 시도하려 노력하며 직원들의 의견을 수용하려 합니다,성장
60,말이 아닌 실질적 복지가 많은 편이고 대표가 한말은 지키는 느낌,성장
61,도서구입비와 칼퇴근. 사회에 긍정적으로 기여하는 공헌도가 높다. 신기술을 받아들이는 것에 익숙하다.,성장
62,"자율적으로 이루어지는 근무.
일과 삶의 밸런스를 갖출 수 있음
특히 가정이 있는 사람에게 좋음",성장
63,"분위기도 좋고 복지가 좋았음.
사실 뭐하나 부족한 건 없었음.",성장
64,"도서지원비, 야근택시비, 야식 지원, 아침 과일 지원, 젊은 회사 분위기",성장
65,"복지가 좋음. 월요일 오후출근에 주 35시간근무, 도서구입 무제한 등 좋고 개발자가 크기에 좋은 사람들이 많이 포진되어 있고, 팀 by 팀이지만 팀마다 개발문화도 좋다고 들었음. 대기업으로가고있긴 하나, 아직도 할일이 많아서 재밌게 일할수 있을거 같다. 대표님도 직원들하고 커뮤니케이션많이 하려고 노력하고있음.",성장
66,"첫 번째는 수평적인 분위기라 팀워크가 좋고 타 기업과는 다르게 자유롭게 일하는 분위기입니다.
두 번째는 도서구입비 지원과 같은 사내 복리후생이 매우 잘 갖춰져있습니다",성장
67,"각종 복지혜택. 월요일 오전 근무 없음. 배우자 부모까지 포함되는 실비보험. 무제한 도서비 지원.
젊은 문화. 모두 님으로 호칭. (하려고 노력. 실상은 임원 이상은 공식적으로 임원 직급을 붙여서 불러야. 팀장도 팀장이나 직급을 붙여서 불러야 좋아함. 그렇지 않아도 그 이하지만 나이가 있거나 위계질서가 강한 조직은 이름 님으로 부르면 싫어함.)
여유로운 점심 시간.
이쁜 공간.",성장
68,"도서를 무제한으로 살 수 있고, 월요일은 오후 1시 출근. 카페처럼 야근 할때까지 음악이 계속 나온다",성장
69,도서 구입비 및 사내 분위기가 장점입니다. 또한 업무 시간에 있어 워라벨이 가능하다고 생각합니다.,성장
70,도전적이고 미래지향적이다. 뿌리부터 끝까지 아이티기업임으로 성장가능성은 높다고 생각됩니다. 배달의 민족과 로봇에 사업이 집중 되어 있다,성장
71,복지는 직원들에게 맞춰 잘 구성이 되어 있다. 상하 구조가 아닌 수평구조로 의견을 제시하는데 제약이 없는 것 같았다. 근무 환경도 대기업 못지 않게 깨끗한 편이다.,성장
72,"모든 업무에 대해 수평적인 구조가 가장 큰 장점
외부에 보여지는 만큼은 아니지만, 굉장히 자유로운 편
사람 스트레스도 상당히 덜한편",성장
73,"수평적인 사무실 분위기와, 뭐니뭐니 해도 월요일은 월요병방지-13시 출근?? 주 4.5 일제",성장
74,동료들과 어울리기 좋아하는 사람들이라면 정말 많은 기회를 제공함. 퇴근시간이 되어도 노느라 집에 안감,성장
75,알바생으로서 근무했을때 상당히 수평적인 분위기에서 근무할 수 있었으며 상사분들이 업무 지시 할 때 강요가 아닌 부탁 식으로 말씀해주시는 것이 상당히 인상깊었음. 자유로운 분위기가 매력적인 회사,성장
76,1. 퇴근 할 때 눈치를 보지 않아도 된다. 2. 점심밥이 맛있다. 3. 긍정적인 분위기,성장
77,윗사람과 서슴없이 일에 대해 논의하고 프로세스을 잡아나갈 수 있다는 게 최고의 장점.,성장
78,복지와 근무환경 및 사람들이 젊어 다른기업에 비해 활기가 남친다,성장
79,"복지제도!! 월요일 오후출근에 7.5시간 근무!
이것외에도 좋은 복지제도가 넘쳐난다",성장
80,출퇴근의 자유가 있는 회사 하기만 하면 걱정이 없는 회사,성장
81,"- 도서구입비
- 주35시간 근무
- 성장 가능성
- 좋은 사람들
- 자유로운 연차 사용",성장
82,눈치보지 않고 퇴근하는 문화! + 결혼/출산/육아에 특화된 복지제도들이 있어 유부들에게 좋다. 그리고 다른 회사에 비해 수평적인 편임.,성장
83,"일이 없다면 눈치안보고 칼퇴근, 휴가를 자유롭게씀 1시간 반정도 되는 점심시간 너무 좋고
개인적인 의견도 말할 수 있음",성장
84,"월요일 오전에 출근을 하지 않기 때문에 월요병이 없습니다. 신입으로 들어간다면 연봉도 적지 않다고 생각합니다. 또한 복지정책도 좋아, 임신 휴가 등이 자유롭습니다.",성장
85,대표가 정말 보기드믈게 좋은사람이다 믿어도됨 자유로운 분위기 자잘한 복지,성장
86,"연차와 야근, 수평적인 회사분위기 자유롭고 가족같은 분위기",성장
87,직원 복지가 굉장히 잘 되어 있다. 월요일 오후출근인게 제일 좋은 장점이다.,성장
88,"창의성을 중요하며, 중소 기업임에도 직원 복지를 위한 팀이 따로 있다",성장
89,주4.5일 근무와 신입에게도 높은 연봉을 주며 기술력이 좋은 회사!!,성장
90,수직적인 느낌의 꼰대문화는 없다 사원복지에 신경쓰고 트렌디한 느낌이다 사람들 연령이 대체로 젊은편이었다,성장
91,"자유로운척 하는 조직문화,it업계라고 구글처럼 보이고 싶은 회사",성장
92,"도서비 지원
칼퇴 가능
지방 지사는 구성원 수가 적어서 가족or동아리같은 분위기임",성장
93,퇴근을 하거나 휴가를 사용할 때 눈치를 주지 않는 자유로운 분위기,성장
94,함께 일하는 동료들에게 배울점이 많고 좋은 사람들과 일할수 있음에 감사함,성장
95,"자유 연차 휴가 가능합니다. 자유로운 사내분위기 좋아요
계속 다니고 싶은회사",성장
96,도서구입비무제한 직원들의 창의력개발에 힘쓰는 회사 . 인생에있어 중요한 이벤트를 존중해주는 직원을 위하는 회사. 협업을 중시하며 직원과의 소통을 중요시하는 회사,성장
97,"연차 눈치 안 봐도 되고, 재택근무, 생리휴가, 도서구입 무제한, 9시 넘어서 까지 야근할 경우 야근비 25,000원 지급. 배민만의 문화가 담겨있는 각종 연례행사들.",성장
98,"수평적인 기업문화. 월요일 1시출근. 점심시간 1시간 30분.
사람들이 많이 친절한 편이다",성장
99,수평적인 분위기와 자유로운 기업문화 많은 복지제도가 커다란 장점 특히나 도서구입비는 책을 좋아하는 사람으로썬 행운,성장
100,"워라밸이 보장되어있고 휴가를 눈치없이 쓸수 있으며
경영진들이 다들 존경할 수 있는 분들이다.",성장
101,도서구입비무제한 직원들의 창의력개발에 힘쓰는 회사 . 인생에있어 중요한 이벤트를 존중해주는 직원을 위하는 회사. 협업을 중시하며 직원과의 소통을 중요시하는 회사,성장
102,"연차 눈치 안 봐도 되고, 재택근무, 생리휴가, 도서구입 무제한, 9시 넘어서 까지 야근할 경우 야근비 25,000원 지급. 배민만의 문화가 담겨있는 각종 연례행사들.",성장
103,"월요일 1시 출근!!
도서비 무한 지원으로 책읽기 좋은사람들에게는 좋은 복지.
결혼한 사람 혹은 여성들에게는 좋은 복지가 많음.",성장
104,확실히 눈치안보고 일할 수 있음. 그러나 사람들과 융화되지 않으면 좀 힘들다 겉도는 느낌 받을수있음,성장
105,"주 35시간 근무, 월요일 오후출근, 여성휴가, 연차 눈치안보고 씀, 수평적인 기업문화,",성장
106,"잘 크고 있는 회사라는 생각이 듦, 이런 저런 소문이 들리지만 크게 개인에게 불이익이 올정도로 느껴지지는 않음. 생각보다 평화롭고, 팀 분위기가 매우 좋음.",성장
107,"좋은 기업문화가 아직 느껴지며 구애받지 않는 자유로움과 열정적인 모습이 느껴진다.
서로 예의 바르지만 유쾌한 분위기.
변화가 잦은 만큼 상당한 궁리가 필요하며 자극이 된다.
타겟팅이 분명해선지 브랜드정체성도 강하게 느껴지며 센스가 좋음.
적어도 업계에서 독보적인 인지도인 것을 무시할 수 없다. 1위의 위엄.
좋은의미든 나쁜의미든 다양한 경험 가능하며 자극적이지 않은 경험이 없을 정도로 짜릿한 업무가능.",성장
108,연차를 쓰는데 자유로우며 좋은 경력자들이 많이 들어와서 배울 수 있는 것이 많다,성장
109,"무제한 도서구입비, 좋은 사람을 만드려는 기업문화, 월요일은 오후출근, 야근과 주말출근을 못하도록하는 분위기, 공과 사를 구별하는 분위기, 업무와 삶의 균형이 잘 이루어짐, 고객을 대하는 영업직이 아니라면 수염을 기르든 머리를 기르든 문신을 하든 트레이닝복을 입든 터치하지 않음",성장
110,"쾌적한 환경/ 건물이 역 바로 앞이라 편하다.
복장이 자유롭다.",성장
111,전체적인 분위기가 사내 문화를 지키고 더 좋은방향으로 발전시키려고 노력하는 분위기,성장
112,연차쓸때 눈치볼일 전혀없다. 재밌는 사람들이 많다. 각자의 취향과 성향을 존중해주는 분위기. 직급이 높다고해서 낮은 직급의 사원들 무시하지않는다. 회사 내적으로 외적으로 잘못된게 있으면 잘못된거라고 말할수있는 분위기.,성장
113,"수평적인 분위기, 퇴근시 인사x, 연차 사용 자율적, 친근한 분위기, 다양한 이벤트와 행사가 즐거울 때도 있음",성장
114,전체적인 분위기가 사내 문화를 지키고 더 좋은방향으로 발전시키려고 노력하는 분위기,성장
115,월요일 1시 출근과 같은 근무문화에 대해서는 매우 좋았음,성장
116,"업무에 지장 없으면 연차 마음껏 사용 가능, 임원 마인드가 꼰대가 아님",성장
117,수평적인 관계. 상사도 절대 반말 안함. 정해진 휴식시간은 전혀 눈치안보고 쓸수 있음.,성장
118,조직문화가 좋다. 분위기가 자유롭고 편안하다. 책값 지원이 확실하다.,성장
119,도서를지원해줌 회식비 5개월에1회지원해줌 생리휴가가있어좋음 야근강요안함,성장
120,"월요일 오전 휴무, 도서구매 무제한 지원, 직장 동료와의 친밀한 관계. 대표 및 경영진과의 커뮤니케이션이 자유롭다.",성장
121,"수평적인 업무구조, 좋은 기업문화를 지키기 위해 애쓰는 구성원들, 명절 덕담, 좋은 이벤트와 팬문화-",성장
122,"- 젊은 기업 문화가 특징적입니다
(특히 월요일 1시 출근, 주 4.5일제)
- O2O, 푸드테크에 관심이 많은 분들께 추천합니다

그외 깨알같은 장점들 (맛있는 점심, 간식&과일, 카페 같은 내부, 바로 앞에 석촌호수, 화기애애한 분위기, 도움되는 강연이나 이벤트가 많음, 개성있는 사람들)",성장
123,"최고의 장점은 복지와 사내문화, 휴무일 보장은 기본이고 주 4.5일제는 최고의 복지! 수평적인 커뮤니케이션은 국내 어느 기업에서도 찾아볼 수 없을 것 같은 최고의 문화임.",성장
124,"휴가를 눈치 없이 쓸 수 있고, 독특한 직원들이 많음.다른 기업에 비해 훨씬 자유로운 분위기, 수평적인 회사 문화",성장
125,"도서 구입비 무제한 지원
월요일 오후 1시 출근
자유로운 분위기
다양한 사내 이벤트
건강한 마인드의 대표님
인간적으로 사원을 대해줌",성장
126,"모두가 열심히, 팀별로는 다르나 좋은 팀장을 만나면 성장의 기회가 있습니다",성장
127,"도서구입비, 자기계발 지원 등 직원복지에 신경을 써줌.",성장
128,"주 4.5일제, 도서구입비 지원은 좋음. 다만 도서구입비 같은 경우 개발자들(개발자들은 지속으로 새로운 기술에 대한 정보 및 동향 파악을위해 서적을 구입해야하는 수요가 있음)에게 조금 더 초점이 맞춰진 정책인듯.",성장
129,'휴가에는 사유가 없다.'라는 문장을 잘 지켜주는 회사. 회사 측에서는 일하기 좋은 환경을 제공 해주려고 항상 애쓴다. 어떻게 해야할지 어디로 가야할지 모를 때 좋은 구성원이 있어서 되게 도움이 많이 된다.,성장
130,"모두가 열심히, 팀별로는 다르나 좋은 팀장을 만나면 성장의 기회가 있습니다",성장
131,"도서구입비, 자기계발 지원 등 직원복지에 신경을 써줌.",성장
132,사내 분위기 매우 좋음. 능력 있는 경영진. 젊고 유능한 직원들이 많아 그만큼 성장가능성 매우 높다고 봄.,성장
133,"회사의 좋은 비전을 설정하고, 해당 비전에 다가가기 위해 일할수 있다. 직원들이 전체적으로 밝고 건강한 에너지를 가지고 있으며 서로서로 친하다.",성장
134,"워라벨이 좋고, 휴가 관련된 복지가 많음. 회사와 나를 구분해서 회사에서 시키는 것만 하고.. 정시 퇴근 하겠다고 생각 한다면.. 특히 결혼했다면 복지가 아주 만족스러움.",성장
135,"주 4.5일제와 감각있는 사무실과 휴게공간
다양한 시도와 서비스를 경험할 수 있다",성장
136,월요일 출근을 배려해 오후 출근을 한다. 이름답게 먹는거 하나는 충실하게 챙겨준다. 기업문화는 어느 회사에서도 본받을만하다. 급여도 잘 챙겨준다.,성장
137,"다들 정말 열실히 하는 분위기, 뒤쳐지지 않을려면 같이 열심히 할 수 밖에 없어서 대기업에 비해서 빠른 성장이 가능, 기업문화는 대외적으로 보이는것과 차이 없이 정말 좋음(하지만 그런 문화에 적응 못하는 분들도 꽤 계심..) 사람 때문에 힘든점은 전혀 없음. 적당히 돈(연봉)을 타협하면 일하기는 정말 좋은 회사.(사람들이 다 착함.)
여직원 복지 및 임산부 배려는 우리나라 어느 기업보다 좋다고 생각함.",성장
138,도서구입비 무제한. 업무에 대한 열정이 많고 사람들이 좋음,성장
139,"주 4.5일제와 감각있는 사무실과 휴게공간
다양한 시도와 서비스를 경험할 수 있다",성장
140,"4.5일제, 도서비 무한지원, 업계 1위라는 자부심 정도?",성장
141,"편안한 휴게실, 근무중에 나오는 음악, 매일 제공되는 신선한 과일 굿",성장
142,직급과 구애받지 않고 다양한 업무를 처음부터 끝까지 경험해볼 수 있으며 밝고 친절한 구성원들에게서 긍정적인 에너지를 얻을 수 있음,성장
143,"복지.. 도서구매지원, 신선한 과일 조달, 4.5일 출근제, 쉐프가 있는 식당..",성장
144,"책 구매 무제한 지원과 가족같은 사내문화. 특히 사내문화의 경우, 다른 회사에서 찾아보기 어려울 정도의 구심력이 있다. 그리고 프로젝트를 진행할 때 책임을 묻기 보다는 함께 해결하려는 분위기가 좋다.",성장
145,"진실로 수평적 분위기, 연봉 또한 나쁘지 않음 상대적으론. 무엇보다 자신이 프리하다면 프리한 회사로 오길",성장
146,"직원들이 젊음-> 젊은 분위기
아침 과일 제공
책 무제한 제공",성장
147,적절한 복지와 최고의 조직문화! 일도 잘하지만 인격적으로도 우수한 사람들 사이에서 보고 배우고 성장할 수 있음. 성장의 가능성 또한 무궁무진함,성장
148,CEO의 마인드가 가장 중요한 장점이죠. 믿고 따라가게 만드는 리더십. 늘 깊게 고민하고 방향을 끌어주시죠,성장
149,"자유롭고 편하다
쾌적한 근무 환경
다과 무제한 제공",성장
150,"업무분위기 굿, 과하지 않고 꼭 필요한 특별한 복지가 멋진 회사.",성장
151,단계적으로 많은 일들을 경험하고 배울 수 있고 존경할수있는 상사와 일하며 성장할 수 있다.,성장
152,빠르게 성장하는회사의 특징! 바뀌는 업무가 많습니다. 하루하루 다이나믹해요.,정체
153,"팀별로 케바케, 외근 및 인테리어관련 부서는 낮과 밤이 없어보이지만 그들에게도 얼굴을 밝아보임, 가끔 눈치없이 너무 오바하는 아래 직원들이 많으며, 사내분위기가 자유로워 컨트롤할 수 없는정도",정체
154,아직 커가는 회사라서 이것저것 세팅해 나가는 단계. 그러나 세팅해 나갈때에도 경쟁사들을 고려해서 세팅하기 때문에 이것마저도 단점이라고 할수는 없을듯.,정체
155,팀내 팀장과의 소통이 많이 있지 않았던터라 팀끼리 협업이 부족했다. 속해있던 팀 내 사정상 어쩔 수 없었지만 팀으로써 일하기에는 조금 아쉬웠던 부분이였다.,정체
156,빠르게 성장하는회사의 특징! 바뀌는 업무가 많습니다. 하루하루 다이나믹해요.,정체
157,"너무 평등한 조직문화..?
요즘에 다른 기업들과 경쟁
약간 이벤트들이 많음",정체
158,"대기업 생활(체계가 갖추어진)에 익숙한 사람들에게는 힘들 수 있음
내성적인 사람들은 회사가 마치 인싸들의 집단 같이 느껴질 수 있고 어울리는게 힘들 수 있음
끗",정체
159,아직 커가는 회사라서 이것저것 세팅해 나가는 단계. 그러나 세팅해 나갈때에도 경쟁사들을 고려해서 세팅하기 때문에 이것마저도 단점이라고 할수는 없을듯.,정체
160,"팀별로 케바케, 외근 및 인테리어관련 부서는 낮과 밤이 없어보이지만 그들에게도 얼굴을 밝아보임, 가끔 눈치없이 너무 오바하는 아래 직원들이 많으며, 사내분위기가 자유로워 컨트롤할 수 없는정도",정체
161,"신입보다는 경력직 채용이 대부분 (신입 채용은 거의 계약직)
부서 별로 근무강도 편차 심한 것 같음
업무가 확실한 경계나 체계가 없는 것 같음
성과급 없음",정체
162,자기일을 미루는 경향 많음 자기 자신꺼만 해결하면 신경안씀,정체
163,"아직 한국식 기업의 문화를 버리지 못했음, 탑다운 형식의 의사결정이 많음",정체
164,"개인주의적인 문화. 누군가에겐 장점 누군가에겐 단점.
문화는 팀마다 많이 다른 것 같습니다.
그리고 점심 식대는 좀 지원해줬으면...",정체
165,생각보다 야근이 많음 . 수평적이고 자유롭지만 리더가 책임지기 때문에 업무처리는 수직적으로 움직여지는 편. 계속해서 함께 공유하고 치열하게 성장하는 것이 미덕인 분위기라 혼자 일처리를 하는게 편하고 일의 워라밸이 중요한 사람이라면 심각하게 다시 고려해보기를.,정체
166,"팀들이 수시로 바뀌고, 사내정치가 많음 이건 어쩔 수 없는 것 같음",정체
167,"회사 위치가 별로 좋지않음. 내부적으로 특별한 단점은 없었으나, 팀장마다 업무하는 스타일이 다르다보니 생기는 업무적 부딧힘은 있음. 업무양이 적으면 조금 더 노력하라는 말을 하였으나, 이도 큰 단점으로 느끼지는 못함",정체
168,매일 프로모션이 바뀌고 계약이 자주 갱신됨. 소통없이 일방적으로 근무시간을 제한해버리기도 함.,정체
169,"이벤트가 수시로 있는데 그에 대한 메뉴얼이 미약
콜수를 적게받아도 기본급이 무조건 지급. 열심히
하는 사람한테는 나쁜조건이라고 생각함.
성과급도 몇명에게만 주는거기 때문에 콜이 잘 안들어오거나 하는 등 콜수 운이 없으면 열심히해도 띵가띵가 노는 사람들과 비슷한 급여를 받아야함",정체
170,스타트업도 아니고 대기업도 아닌 과도기 느낌으로 성장 운운하면서 갈아서 일한다 여기만 그런건 아니겠지만 그리고 이미지 실추될까봐 쉬쉬하는 회사 내 사건들 너무 많고 고인물 너무 많음,정체
171,"별도 단점이 없는게 이회사의 단점임
활발한 기운이 넘치는 회사라 오히려 너무 밝고 활발한 분위기를 힘들어한다면 적응하기 힘들수도",정체
172,회의가 많음. 주니어들이 많아서 일을 배우기엔 힘들다. 생각외로 수기업무들이 많다.,정체
173,고인물들이 인재들을 갉아먹는 곳입니다 본인들은 맞고 배민답다생각하지만 절대그렇지않다는것,정체
174,일이 많다.... 진짜 많다... 생각 의외로 많다....,정체
175,월요일에 1시출근이지만 사실 월요일에 야근을 엄청 합니다. 좋은 복지가 있지만 사실상 그 복지때문에 비효율이 발생하는 경우도 ...,정체
176,"팀리더의 보고에만 의존하는 평가체계, 열심히 일 할 기회조차 주어지지않는 환경.",정체
177,"셀수없다. 연차도 맘대로 못쓰고 관리자는 진짜 극소수를 제외하고 하나같이 쓰레기. 놀라울 정도로 일관되어서 혹시 이 회사 관리자의 기준은 인쓰인지 의심하게 된다.
그 중에서도 법으로 형벌받을 수 있다면서 이에 대헌 사원 보호 대책이 1도 없다. 미친 회사.",정체
178,"업무 강도가 하드할 수 있으며, 일을 못하는 사람이라면 적응이 힘듬",정체
179,어느 회사든 비슷하겠지만 동료들의 수준의 편차가 너무 심합니다. 때로는 같이 일하기 힘들 정도의 수준의 동료 또는 선배로 인해 역량이 특출난 동료가 그만두거나 의욕을 상실합니다. 스타트업으로 초창기에 채용에 신중하지 못했다는 생각이 듭니다. '최고의 복지는 좋은 동료와 일하는 것' 이라는 말도 있습니다,정체
180,개발자가 많아서 특출나지 않은 이상 직급상승이 힘든 것 같구요. 기업의 단점은 아닌데 출근할때 너무 힘듭니다. 대중교통에 사람이 너무 많구요. 자차 운전해서 가기도 힘든 것 같습니ㅏㄷ.,정체
181,"변경사항? 잦은 변화가 임시방편이라는 생각이 들게 함
좀 더 장기적인 관점에서 접근하길.......",정체
182,"소수의 몇 사람이 좌지우지해서 상명하복 심하고, 내부 정치 신함. 원년멤버나 오래된 사람 우선하는 문화 있어서 새로온 사람이 적응하기 쉽지 않음. 일당백하는 경우도 있고, 경력자는 연차에 비해 잡무를 많이 시키시도 함. 전문성, 경력을 체계적으로 쌓기 어려움. 조직이 전반적으로 너무 감정적이라 ‘좋다, 싫다’가 판단 기준이 되기도 함",정체
183,분위기가 워낙 자유로워 가끔 절차가 모호해서 입장이 애매해지기도함. 확실히 영업직이라 신규 사업장 발굴때 여러 자영업자들을 만나는게 힘듦,정체
184,"구성원이 1000명이 넘어간 걸로 알고 있는데, 업무 및 의사결정의 체계가 아직 갖춰져 있지 않고 그로 인해 프로젝트 진행에 있어 우선순위와 일정이 자주 바뀌어 실무자가 고생을 많이함.
사업 및 프로젝트를 정치적으로 이용하는 사람들이 다수 팀장이상급에 포진되어 있음. 수평적인 조직문화를 만들고자 하지만 이런점이 수직적인 문화를 야기하고 눈치보기 혹은 줄타기를 안할수 없게함.
워라밸.... 팀마다 다르지만 내가 소속된 팀에서는 살인적이었음.",정체
185,"지방근무, 젊은 기업엔 젊은 꼰대가 있기 마련, 빠른 결정에 할일이 많음",정체
186,"수신이 우선이기에 변경되거나 신설되는 내용 있더라도 콜 많은 때는 보수교육 뒷전, 유인물로 대체되는 경우 허다, 휴무라도 업무 메신저 소홀히 항 수 없음(변경되는 부분 숙지 못 하고 업무 투입 가능성)",정체
187,분위기가 워낙 자유로워 가끔 절차가 모호해서 입장이 애매해지기도함. 확실히 영업직이라 신규 사업장 발굴때 여러 자영업자들을 만나는게 힘듦,정체
188,"능력 없는 고인물들이 팀장 이상급으로 너무 많고, 오래된 사람들 우선주의가 있음. 능력 있는 새로운 사람들이 일을 해나가기 쉽지 않음. 이미지랑 달리 소통 안됨",정체
189,연차 눈치 안보고 써야될 만큼 일이 많음. 회사 내 일 열심히 하는 부서와 그렇지 않은 부서의 차이가 매우 심함. 똑똑한 직원이 많이 없음. 공무원같은 직원이 많음. 개발자들이 블라인드에 너무 짜증나는 소리를 많이함.,정체
190,하지만 팀별로 분위기가 너무 케바케라...잘못걸리면 난감함,정체
191,"특정 팀만 분위기가 좋고, 꼰대문화가 아직도 많이 남아있다. 드러나지 않는 꼰대문화로 많은 사람들이 팀내에 불만을 가지고 있는 것 같다.",정체
192,"신규라이더, 기존라이더에 대한 배달료 차이가 있고 기존 라이더에 대한 지원이 부족 함",정체
193,수평적인 문화. 각자의 목소리가 중요시 되다 보니 정작 중요한 결정을 할 때 의견이 갈리면 한 곳으로 집중하는 의사결정이 어려움,정체
194,문화가 좋은 만큼 열심히 일해야 함. 업무 평가에 있어서는 냉정한 편.,정체
195,정책이 문서화가 안되어있는경우가 많음. 무리한 일정 요구. 티내야 잘하는걸로 생각함,정체
196,빠른 결정에 걸맞는 빠른 번복. 열심히 하던 프로젝트가 엎어지거나 지연되는 경우가 빈번,정체
197,아이디어를 많이 내놓아야하고 힘든 사람은 어디에나 있기 마련,정체
198,"성과를 내야만 함 성과위주
스스로 성과를 낼 수있도록 끊임없이
고민하고 일해야함",정체
199,"인맥으로 업무처리되는 경우가 많음, 기회도 인맥으로 돌아가는 경우가 많음",정체
200,청년들은 아무 생각도 할 수 없음 내가 무언가 문제라 말하면 우린 그냥 시키는 대로 하면 되는 것이다 이미 그들이 고민한 부분을 너는 고민중이다 라고 답변함. 그럴거면 위키라도 공유해야 중복된 생각을 버리고 더 나은 생각을 할 것 아닌가.. 아니면 그냥 청년들의 생각은 듣기 싫은건가,정체
201,현재 사회문제에 대해서 뚜렷한 피드백없이 자연스럽게 넘어가려고 하는점이 평판을 안좋게 만들음,정체
202,회사의 체계가 아직 완전히 잡히지는 않은 듯함. 경력자들에게는 불만이 있을 수도 있다 생각.,정체
203,"일이 많다, 야근이 잦다, 팀별로 기업문화를 받아들인 정도가 달라 운이 없으면 정말 안좋은 팀에 배치될 수도 있음",정체
204,아직 어수선함이 남아있는 부분들이 았어 좀더 시스템화된다면 굿,정체
205,하지만 신규입사자가 친해지기 조금 어려운 분위기인 것에는 조금 동의. 회의가 너무 많아서 막상 일할 시간이 별로 없는 것이 단점.,정체
206,"개발직군에 몰아주는 연봉, 체계가부족함, 부서별근무강도차이심함, 계약,도급인력차별대우심함, 잦은 부서변경",정체
207,신규사업 추진을 적극적으로 하지만 안되겠다싶으면 빨리 접음,정체
208,"실제 퇴근시간은 솔직히 많이 늦어질 수 밖에
내가 모자라서겠지만...
컨펌이 굉장히 주관적",정체
209,체계적인 시스템 도입보다 회사가 너무 빨리 성장하여 보이는 단점들이 있음,정체
210,"스타트업 기업이기 때문에 야근이 필요할 때도 있고, 해야할 일이 많다",정체
211,연봉이 그렇게 높지않으며 발전중이라 난잡한 면이 있습니다,정체
212,정리가 안되면서 빨리 커버린 느낌이라 잘 정리가 되어야할것같다,정체
213,너무 많은 사내 이벤트로 인하여 업무 집중도가 떨어진다. 보여주는 것에 치중되어 있는 것들이 많다. 학교 동아리 같은 분위기가 오히려 역효과가 많다.,정체
214,"비효율적인 업무체계
분위기는 자유롭지만 업무효율은 대기업만큼 떨어짐
높은 직급 분들이 역량이 안되는 사람이 있음",정체
215,단점은 없었지만 굳이 단점을 뽑자면 나와 맞지 않았음.,정체
216,회사가 대외적으로 자랑하는 수평적이고 자유로운 근무 환경은 타 부서에게나 적용되는 것들이었음. 회계팀은 야근을 밥 먹듯이 함. 타부서도 인정하는 야근이 일상인 팀. 일에 체계가 없고 주먹구구식. 상사들의 편협한 시각으로 소수의 의견이 다수의 의견이 됨.,정체
217,퇴사를 자극할 정도로 답답한 의사결정이 많음. 사공이많아 배가 산으로가는지 바다로 가는지 궁금한 경우도 많음. 조직내 리뷰가 존재하지만 위로 리뷰하는 제도는 없음.,정체
218,"첫 번째는 스타트업기업이다보니 정리되지 않은 체계의 일을 하게되는 경우가 종종 발생합니다 그러다보니 적응하는데 시간이 좀 걸리기도 합니다
두 번째는 매월 막바지에는 일이 몰려 바쁩니다.",정체
219,"성과급이 없음 (장점이 될수도. 나름 철학이 뒷받침되는 제도임)
국내 위주의 사업이므로 해외 출장을 가게 되는 업무를 할 시 해외출장 일정을 짜는데 있어서 눈치를 보는 듯. (엄청 빡세게 잡음)
사업 추진 속도가 매우 빨라 적응하지 못하면 힘듦 (매우 잦은 조직 변경, 계열사 처분 등)",정체
220,"- 스타트업에서 갑자기 커져서 그런지 각종 시스템이 미비하고, 쓸데 없이 공수 드는 일이 많아 시간 대비 비효율적으로 일한다

- 야근도 많음 (야근비 25,000원)

- 무리 지어 다니면서 꼰대질+갑질하는 무식한 사람들이 많다 (=우리 팀)

- 팀장 자격 없는 사람이 팀장을 하고 나머지는 열심히 싸바싸바하면서 다 함께 말아먹는 중 (팀 복불복 최고인 회사)

- 겉 보기에는 젊고 재미있고 화려한 회사이지만 데이터, 체계 등이 그냥 없다고 보면 됩니다


여러분, 부디 SNS 환상에서 벗어나시고 새로운 마음으로 기업을 찾아보세요.",정체
221,먼저 낮은 연봉이 가장 큰 단점이라고 생각합니다. 또한 현재 크고 있는 기업이기 때문에 아직 체계가 약간 부족합니다.,정체
222,젋은 기업이라서 말이 많고 컨설팅 기업이미지가 강한 기업이다. 조직원들이 어리고 아직은 체계적으로 업무를 진행하지못하는 기업이다.,정체
223,업무 강도가 조금 강하게 느껴질 수 있어 힘들어 하는 사람은 무척 힘들어 하는 모습을 보았다. 급여수준이 높다고 생각이 되지는 않았고 가끔 편가르기를 하는 사람도 보이는것 같았다.(느낌상),정체
224,"급속도로 성장하는데에 비해 개선되지 않는 옛날 프로세스들과 개선되지 않는 점
빠르게 이루어지는 결정들로 결과 등에 대해 보람을 느끼지 못할 때가 많음",정체
225,야근을 강요하지 않고 휴가쓰는 것에 눈치보지 않으나 일이 많을 땐 많다. 자발적이지만 불가피한 야근은 간혹.,정체
226,업무시간에는 업무만 하기를 원하는 사람은 힘들 수 있음. 실제로 그래서 퇴사하는 사람도 많음.,정체
227,높은 층수 /엘리베이터 타기에 협소. 잠실 바로 옆인 몽촌토성 역에 위치하여 출퇴근 시간에 지하철 번잡한 것이 유일한 스트레스였음. 알바생 기준에서 업무를 통해 받은 스트레스는 딱히 없었음.,정체
228,1. 폐쇄적인 문화: 결속력이 중요한 조직 문화다 보니 구성원들과 캐미가 터지지 않은 성격의 소유자는 적응하기 힘들다. 2. 야근이 많다. 3. 초기 직원들의 이직률이 꽤 높다. 4. 수직 문화: 직급체계가 확실해서 불편하다.,정체
229,일이 많다. 한달이 지나가기도 전에 너무 많은 게 달라지고 그걸 따라가기에 급급.,정체
230,생각보다 높은 업무강도 의사결정이 수시로 변경되는 경향,정체
231,"어딜가나 홍보 마케팅직렬은 일이 많다
야근 고려해봄
돈을 많이 준다는건 그만큼 일이 많다는것",정체
232,자기일만 해도 되서 친목도모가 안되는 회사로 정치가 심함,정체
233,"- 오래되지 않은 회사라 여러부분에서 정해지지 않은 것들이 있음
- 자주 바뀌는 의사결정",정체
234,"눈치보지 않고 퇴근은 할수 있으나... 일이 겁나~~~~~~~~~~~ 많다(부문/팀별로 다를수 있으나..). 변화와 성장이 빠른만큼 의사결정 번복이 잦아 여긴어디 나는누구? 하는 경우가 더러 생긴다.
업무에서 정치는 어딜가나 빼놓을수 없지만, 이사레벨에서의 경쟁구도가 너무 심해서 정작 실무자들이 난감한 경우가 많다.
(우리회사 규모에 이사가 너무 많다........ )",정체
235,"전체적인 직군을 보았을때 초창기부터 근무하던 사람들은 텃새가 없음 오히려 1~3년차 정도 사람들이 텃새가 강함 그래서인지 처음에 들어오신 분들 중 몇몇 분들은 중간에 퇴사. 그리고 새로 바뀐 이사들은 자신이 뽑은 새로운 팀장, 선임들에게 힘을 주려 위에 언급한 잘못된 일을 포함해 침묵함 그래서 초창기 근무한 사람들이 하나 둘 떠남..",정체
236,출근 시간이 아침 9시로 정해져 있어 부담스러웠습니다.,정체
237,대표아래 인간들중에 사람 아닌놈들이 많이 들어와서 회사 분위기 다 망쳐놈,정체
238,자유가 보장된 만큼 책임져야하는 것도 당연히 따른다. .,정체
239,"생각했던것 만큼 자유로운 분위기는 아니였다.
업무량이 많다.",정체
240,"각종 회의, 문서 등 일을 위한 일이 많고 야근이 잦다",정체
241,재무구조는 탄탄하지만 대기업이나 시장 흐름에 따라 사업구조가 급변할수있기 때문에 뒤쳐지지 않게 흐름을 잘 따라가야 할것같습니다.,정체
242,신생부서가 자리잡을때 체계가 없어서 힘들다는 느낌이 들었다 많은 회사들을 인수하면서 제대로된 조직이 자리잡지 못했던 느낌,정체
243,하지만 속은 똑같은 헬조선식 한국문화 무기계약직으로 들어가서 정규직된 사례는 많은게 장점,정체
244,"영업사원 1명당 약 200명의 업주 관리
밤낮, 주말없이 매일 울리는 휴대폰
고객센터에서 일처리가 잘 되지 않아 영업사원들이 잡일 많이 함
인센티브 없음
실적 압박 있음",정체
245,신규 입사자가 기존에 있는 사원들과 어울리기 조금 부담스러운 분위기이다.,정체
246,업무량이 많아 과도한 야근으로 지침 직원에 대해 지원이 적다,정체
247,"단결럭이 강해 조금은 소외감을 느낄수도 있습니다
완전히 어울리기에는 조금 시간이 걸려요",정체
248,업무가 힘들고 인센티브가 없지만 살아있음을 느끼게 해주는 회사. 함께하기에 소통이 안되면 더어려울수있음,정체
249,"스타트업도 대기업도 아닌 그 중간을 걷고 있는 과정으로, 실무자들이 고생이 많음. 많은 인원 충원으로 배민문화가 위태로워 보임(그러나 많은 이가 유지하려 노력하고 있기에 쉽게 무너질 거 같진 않음)",정체
250,스타트업이다보니 업무 프로세스가 잘 안잡혀있음 신규입사자도 많고 퇴사자도 많은듯하다,정체
251,"아직 스타트업의 전형적인 시행착오 단계, 자유로운 기업문화를 가지고 있긴 하나 눈치가 좋아야 살아남을수 있음",정체
252,"생각보다 연봉이 높은편은 아님, 야근도 적당히 존재하고 (팀마다 다르겠지만)",정체
253,업무가 힘들고 인센티브가 없지만 살아있음을 느끼게 해주는 회사. 함께하기에 소통이 안되면 더어려울수있음,정체
254,"스타트업도 대기업도 아닌 그 중간을 걷고 있는 과정으로, 실무자들이 고생이 많음. 많은 인원 충원으로 배민문화가 위태로워 보임(그러나 많은 이가 유지하려 노력하고 있기에 쉽게 무너질 거 같진 않음)",정체
255,"부서별 연봉 차이가 심하게 남. 성과급 없음. 떡값 없음.
회사에 임원이 너무 많음. 싱글 남성에게는 복지가 없음.",정체
256,좀 특이한 사람들이 많다 그렇다고 나쁜건 아니고.. 그리고 식대포함이 아니고 야근이 좀 있다. 물론 자기가 다 원해서 하는 것이지만 업무량이 많을 땐 스스로 하는 것,정체
257,"배달의민족과 우아한형제들의 브랜드 이미지에 비해, 내부 업무 프로세스 엉망.
부서에 따라 다르겠지만 업무가 많고, 업무가 많은것이 기본 어드민이나 내부 프로세스때문에 생기는 경우가 많음",정체
258,"아무리 큰 회사가 되었다고 하더라도 스타트업이다보니 사람들의 입 퇴사가 잦은 편, 매우 자유로운 분위기로 인해 어느 정도 산만한다고 느낄 수 있음. 업무에 집중하기 위해서 노력이 필요함. 그런 배려는 회사차원에서 잘되어 있음.",정체
259,"이끌지도 따르게 하지도 못하고 사람을 비키게만 하는 곳으로 변모해감.
결정 내린 자가 책임지지 않고 실행한 자가 책임진다.
그 결정은 약 2~3분 내에 얼마든지 번복될 수 있으며 그 또한 책임은 실행한 자가 져야한다.

정규직과 기타직은 다른 별의 존재.
회사에서 강조하는 좋은 가치는 그들만의 리그이며 외부직은 갑질 및 책임전가대상. 리더 중 아무도 책임지려하지 않는다. 장애가 터져 피해를 입어도 격려를 건네지 않는다. 사람보다 책망이 먼저다.
사실관계보다 대표님 행간, 한마디가 더 중요하다.

카리스마있고 용단을 내리던 리더가 부재하게 되면서 저질피드백으로 업무질을 떨어뜨린다. 높은 직급을 주는 기준이 실력과 성과가 아니라는걸 알 수 있다(적어도 본 부서는 그렇다). 겸손하며 성실근면한 인재를 원한다고 하나 운영진이 그렇지 못함. 성실한 부분은 근태만인듯 하다.
외부와 내부 이미지 갭이 매우 큰 회사.",정체
260,일부 예전 사람들의 꼰대노릇. 야간 작업 이후에도 반드시 지켜져야하는 문제의 9시 칼출근,정체
261,"계속 바뀌는 사업목표 및 기준, 단기적으로 성과가 나오지 않으면 목표와 기준이 수시로 바뀐다, 아무리 회의를 해도 위의 결정이 바뀌지 않는다, 경력직들 중 꼰대들이 종종 보인다.",정체
262,"프리한거 같지만 프리하지 않다.
대외적으로 보여지는 기업 이미지때문에 겉으론 다들 너무 좋은 회사에 즐겁게 다니는 직원들처럼 보이려고 애쓰지만 알고보면 불만투성이다.
이상한 행사가 너무 많다.
정직원과 계약직/외부직원들 차별 없다고 하지만 차별이 존재한다.",정체
263,회사 규모를 키우려고 하다보니 근무가 많은것같음. 사내문화가 독특해서 적응 못하는 경우도 있다고 함.,정체
264,"정규직과 계약직(파견직) 사원간의 갭이 크다. 회사가 ""우리는 좋은회사야""라는 것에 강박관념이 있는것 같다. 중간중간에 행사같은게 많다. 별로 하고싶지도 공감가지도 않지만 정규직원 또는 관리자급 사원들은 애써 즐거운척 참여한다.",정체
265,"야근수당이 정해져있음, 처음에 놓친 부분에 대한 이슈가 추후에 드러나면 해결하기 바쁨",정체
266,회사 규모를 키우려고 하다보니 근무가 많은것같음. 사내문화가 독특해서 적응 못하는 경우도 있다고 함.,정체
267,"정치인들이 많은데, 그분들로 인해 고통받은 직원들의 고충은 외면당하는 느낌?",정체
268,"프로세스 부족, 대기업출신 경력자들이 프로세스를 잡고 있지만 기존 재직자들의 역량이 부족함, 피플팀",정체
269,각자 컴퓨터 보고 일해서 조금 개인주의적인 느낌이 들고 콜을 잡는 게 스트레스 받을 수 있음.,정체
270,직급과 연봉의 기준을 모르겠다. 레거시들이 발목을 잡는 경우가 많다.,정체
271,업무의 능력으로 승진하는것이아닌 해당파견사의 높은사람이와서 업무도 모른상태로 일을진행함 업무능력으로 사람을 승진시키지않아 발전가능성없음,정체
272,자유로운 분위기를 즐기다 자칫 본인이 해야 할 업무를 놓칠 수 있다. 빠르게 성장해 나가는 기업인 만큼 업무량도 많은 편,정체
273,복지제도가 다양하나 사용 시 눈치보거나 실또는 부서마다 이용할수 있는 제도가 국한됨. 실무진은 업무량 많고 회의도 많음. 회의만 하다가 하루 다 잡아먹고 야근해야하는것도 문화라면 문화.,정체
274,"-일이 많아 종종 야근을 하는 것은 어쩔 수 없나 봅니다
-보다 효율적인 업무 분담이 필요하지 않을까요",정체
275,"성장과정이다 보니 절대적인 일의 양과 더불어 회사 내 이슈도 많으며,
사람 위주로 일이 돌아가다보니 일하는 사람만 일하는 구조임.
인센티브제도가 없다 보니 금전적인 성취감이나 만족도는 다소 떨어짐.",정체
276,자유로운 분위기지만 업무를 실행하는데 있어서 이런 분위기가 안 맞는 사람이 있을 수 있음. 다양한 회사 문화를 가지고 있는데 이런 것들이 사람에 따라 귀찮을 수가 있음. 강제가 되기도 함.,정체
277,"너무 자주 바뀌는 영업부서 시스템
최근 들어 심해진 실적 압박
서울 본사 영업팀 내의 균열
정확한 가이드라인이 없는 영업 시스템
영업 사원 한명이 사장님 500명 이상을 관리해야함
시도때도 없이 울리는 휴대폰
성질 급한 업주들 비위 맞춰 줘야함
회사에서 차량, 영업용 휴대폰 지원 안 됨",정체
278,업무량이많고 아직 시스템이나 프로세스가 정착되지않아 부수적인 업부가 많습니다,정체
279,"직원복지에 많이 신경을 쓴다해도
스타트업으로 시작된 거고, it같은 핵심적인 전문직무가 아니면 이직할때 그닥 +가 될거 같진 않음",정체
280,전문경영인이 없음. 회사가 성장하기 위해서는 경영에 대한 전문지식이 있는 CEO가 필요할듯,정체
281,부서마다 느낌이 다르겠지만 조직장의 의견에 따라 밑에 사람들의 의견이 흔들려 수정해야하는 상황이 많다. 수평적이라고 하지만 기업이 커지면서 수직적으로 바뀐 상태. 그래도 다른 회사보다는 경영진이 많이 들어주려고 하는 편.,정체
282,업무량이많고 아직 시스템이나 프로세스가 정착되지않아 부수적인 업부가 많습니다,정체
283,"직원복지에 많이 신경을 쓴다해도
스타트업으로 시작된 거고, it같은 핵심적인 전문직무가 아니면 이직할때 그닥 +가 될거 같진 않음",정체
284,업무 강도 매우 높음. 유명하지만 아직까진 벤처라 일이 매우 많음. 야근이 일상.,정체
285,"야근이나 주말근무가 필요하기도 하고, 하는것이 문제가 되는것은 아닌데 추가근무를 하는것에 대한 보상이 없다. 책이 무제한 지원이긴 한데 제약조건이 너무 많다.",정체
286,지나치게 수직적이고 정치가 심해짐 그리고... 내부 직원들끼리.. 뒷 말이 너무 심함.. 단점 없는 기업이 있을 까 싶지만.. 여긴 좀 심한 듯.,정체
287,"스타트업 회사의 특징 상 야근이 잦고, 매우 빠르게 변화하고 새 서비스가 탄생한다",정체
288,스타트업은 스타트업이라 그런지 체계가 없다. 야근이 심하다.,정체
289,"아직 업무가 체계적이지 못하고 일이 많다. 대외적으로 많이 알려 지긴 했지만, 아직까진 벤처라고 생각함. 벤처기업 치고는 연봉이 그리 낮진 않지만, 그래도 네임밸류나 알려진것에 비해 낮음.",정체
290,정착되지 않아 변화가 많음. 한가지 일에 집중하기 보다는 이것 저것해야할 경우가 많음,정체
291,"스타트업 회사의 특징 상 야근이 잦고, 매우 빠르게 변화하고 새 서비스가 탄생한다",정체
292,"1. 전 직원이 지나치게 야근을 디폴트화 하고 있으나, 업무 프로세스 개선 등을 통해 이를 개선하려는 의지가 전혀 없음.
퇴근시간이 6시 반이나, 그 시간에 아무도 안일어나는 게 당연한 사태가..

2. 지나친 야근으로 인해, 모두가 '이건 뭔가 잘못되었다'라는 인식을 하고 있지만, 책상을 엎기 힘든 문화로 인해 다들 그냥 일을 하게 됨.

3. 하루종일 회의만 하다가 자리에 앉으면 6시, 그때부터 메일들이 오기 시작함.

4. 다들 일하기에 바빠서, 개인적인 업무역량 등을 키울 기회가 별로 없음. 그냥 달리기에 바쁨. 개인적으로 이 점이 제일 아쉬웠음..",정체
293,출퇴근 시간이 매번 바뀌고 지원 근무를 해야해서 힘듬,정체
294,"아직 전반적으로 구조나 시스템 세팅이 완전하지 않아 기본적으로 회사에서 제공되는 것들(매뉴얼, 비품, 지원 등)이 없는 경우가 있음
밝고 친절하며 많은 것을 공유하는 조직 분위기가 맞지 않다면 소외감을 느낄 수 있음",정체
295,잘나간다고 대기업 수준의 연봉을 기대하면 실망..,정체
296,"일과 삶의 균형이 맞지 않는다. 급변하는 시장에서 헤쳐나기기 위해 강요하지 않지만, 각오하지 않으면 자율적 야근은 살인적일 때가 있다. 그리고 사내문화에 어울리지 않으면 견디기 어려울 수 있다.",정체
297,잦은 야근으로 자기만의 시간을 갖기 어려움,정체
298,"회사 밖에서 보여지는 자율적인 모습과 반대되는 통제된 분위기
업무 알앤알 구분도 되어있지 않은 중구난방식 업무 스타일
직원을 쉽게 보는 회사 (누군가 그만둬도 지원하는 사람 많으니 안맞으면 나가라 마인드)",정체
299,딱히 없음. 회사가 좋아서 여기 있다가 이직하실때 오히려 다른 회사에 적응못할 수있다는게 단점,정체
300,대기업처럼 체계적으로 시스템이 많이 갖추어지지는 않았어요. 그래서 지금 열심히 만들만들하고 있는 단계지요. 그게 불편하다면 불편할 수 있어요.,정체
301,"로테이션 근무
교육 커리큘럼의 체계가 잡혀있지 않음",정체
302,아이티는 어쩔수 없다. 업무량대폭발. !!!! 그래도 야근은 종종 철야는 아주아주 가끔있는일@!,정체
303,편하게 놀거라고 생각하고 오면 당황할 수 있다.,정체
